"Reference","Value","Footprint","QUANTITY"
"C1","0.047u/X2","Capacitor_THT:C_Rect_L26.5mm_W8.5mm_P22.50mm_MKS4","1"
"C2,C4,C5,C6,C9,C10","0.1u","Capacitor_THT:C_Rect_L10.3mm_W5.0mm_P7.50mm_MKS4","6"
"C3","1000u/16V","Capacitor_THT:CP_Radial_D12.5mm_P5.00mm","1"
"C7,C8","0.01u","Capacitor_THT:C_Disc_D3.0mm_W2.0mm_P2.50mm","2"
"C11","470u/16V","Capacitor_THT:CP_Radial_D10.0mm_P5.00mm","1"
"C12,C13","1000u/35V","Capacitor_THT:CP_Radial_D16.0mm_P7.50mm","2"
"C14,C15,C16","10u/16V","Capacitor_THT:CP_Radial_D5.0mm_P2.50mm","3"
"D1,D2","W02","Diode_THT:Diode_Bridge_Round_D9.8mm","2"
"D3,D4","1S2473","Diode_THT:D_DO-35_SOD27_P10.16mm_Horizontal","2"
"F1,F2,F3,F4","250mAT","TR808PSU:FuseClip_5x20_TF785","4"
"IC1","uA7805","Package_TO_SOT_THT:TO-220-3_Vertical","1"
"IC2","TA7179P","Package_DIP:DIP-14_W7.62mm","1"
"P1","1","TR808PSU:Terminal_Pin","1"
"P2","2","TR808PSU:Terminal_Pin","1"
"P3","3","TR808PSU:Terminal_Pin","1"
"P4","4","TR808PSU:Terminal_Pin","1"
"P5","5","TR808PSU:Terminal_Pin","1"
"P6","6","TR808PSU:Terminal_Pin","1"
"P7","7","TR808PSU:Terminal_Pin","1"
"P8","8","TR808PSU:Terminal_Pin","1"
"P9","9","TR808PSU:Terminal_Pin","1"
"P10","10","TR808PSU:Terminal_Pin","1"
"P11","11","TR808PSU:Terminal_Pin","1"
"P12","12","TR808PSU:Terminal_Pin","1"
"P13","13","TR808PSU:Terminal_Pin","1"
"P14","14","TR808PSU:Terminal_Pin","1"
"P15","15","TR808PSU:Terminal_Pin","1"
"P16","16","TR808PSU:Terminal_Pin","1"
"P17","17","TR808PSU:Terminal_Pin","1"
"P18","18","TR808PSU:Terminal_Pin","1"
"P19","19","TR808PSU:Terminal_Pin","1"
"P20","20","TR808PSU:Terminal_Pin","1"
"P21","21","TR808PSU:Terminal_Pin","1"
"P22","22","TR808PSU:Terminal_Pin","1"
"Q1","2SB596","Package_TO_SOT_THT:TO-220-3_Vertical","1"
"Q2","2SD880","Package_TO_SOT_THT:TO-220-3_Vertical","1"
"R1,R7","47","Resistor_THT:R_Axial_DIN0207_L6.3mm_D2.5mm_P7.62mm_Horizontal","2"
"R2,R5","3.3","Resistor_THT:R_Axial_DIN0207_L6.3mm_D2.5mm_P7.62mm_Horizontal","2"
"R3,R4","15k","Resistor_THT:R_Axial_DIN0207_L6.3mm_D2.5mm_P7.62mm_Horizontal","2"
"R6","220","Resistor_THT:R_Axial_DIN0207_L6.3mm_D2.5mm_P7.62mm_Horizontal","1"
