Ref,Val,Package,PosX,PosY,Rot,Side
"C1","0.047u/X2","C_Rect_L26.5mm_W8.5mm_P22.50mm_MKS4",43.580000,-86.305000,90.000000,top
"C2","0.1u","C_Rect_L13.0mm_W4.0mm_P10.00mm_FKS3_FKP3_MKS4",58.360000,-53.085000,0.000000,top
"C3","1000u/16V","CP_Radial_D12.5mm_P5.00mm",67.300000,-65.835000,0.000000,top
"C4","0.1u","C_Rect_L10.3mm_W5.0mm_P7.50mm_MKS4",63.710000,-76.895000,0.000000,top
"C5","0.1u","C_Rect_L10.3mm_W5.0mm_P7.50mm_MKS4",88.410000,-59.165000,0.000000,top
"C6","0.1u","C_Rect_L10.3mm_W5.0mm_P7.50mm_MKS4",101.820000,-58.765000,0.000000,top
"C7","0.01u","C_Disc_D5.0mm_W2.5mm_P5.00mm",94.010000,-67.485000,0.000000,top
"C8","0.01u","C_Disc_D3.0mm_W2.0mm_P2.50mm",101.660000,-65.990000,0.000000,top
"C9","0.1u","C_Rect_L10.3mm_W5.0mm_P7.50mm_MKS4",112.540000,-90.305000,90.000000,top
"C10","0.1u","C_Rect_L10.3mm_W5.0mm_P7.50mm_MKS4",94.080000,-90.215000,90.000000,top
"C11","470u/16V","CP_Radial_D10.0mm_P5.00mm",101.880000,-50.905000,0.000000,top
"C12","1000u/35V","CP_Radial_D16.0mm_P7.50mm",127.350000,-55.795000,-90.000000,top
"C13","1000u/35V","CP_Radial_D16.0mm_P7.50mm",128.310000,-75.955000,-90.000000,top
"C14","10u/16V","CP_Radial_D5.0mm_P2.50mm",142.550000,-47.065000,-90.000000,top
"C15","10u/16V","CP_Radial_D5.0mm_P2.50mm",142.510000,-57.805000,-90.000000,top
"C16","10u/16V","CP_Radial_D5.0mm_P2.50mm",142.110000,-77.565000,-90.000000,top
"D1","W04","Diode_Bridge_Round_D9.8mm",62.720000,-83.295000,0.000000,top
"D2","W04","Diode_Bridge_Round_D9.8mm",83.650000,-85.695000,0.000000,top
"D3","1S2473","D_DO-35_SOD27_P10.16mm_Horizontal",140.360000,-105.990000,-90.000000,top
"D4","1S2473","D_DO-35_SOD27_P10.16mm_Horizontal",145.000000,-105.955000,-90.000000,top
"F1","0.5A","FuseClip_5x20_TF785",43.780000,-98.065000,0.000000,top
"F2","0.5A","FuseClip_5x20_TF785",72.610000,-98.065000,0.000000,top
"F3","0.5A","FuseClip_5x20_TF785",89.740000,-98.065000,0.000000,top
"F4","0.5A","FuseClip_5x20_TF785",107.150000,-98.065000,0.000000,top
"IC1","uA7805","TO-220-3_Vertical",51.900000,-47.135000,0.000000,top
"IC2","TA7179P","DIP-14_W7.62mm",99.880000,-71.795000,0.000000,top
"P10","10","Terminal_Pin",55.800000,-131.625000,0.000000,top
"P11","11","Terminal_Pin",66.350000,-131.625000,0.000000,top
"P12","12","Terminal_Pin",76.910000,-131.625000,0.000000,top
"P13","13","Terminal_Pin",87.790000,-131.625000,0.000000,top
"P14","14","Terminal_Pin",98.180000,-131.625000,0.000000,top
"P15","15","Terminal_Pin",151.760000,-116.175000,0.000000,top
"P16","16","Terminal_Pin",151.760000,-106.865000,0.000000,top
"P17","17","Terminal_Pin",151.760000,-93.435000,0.000000,top
"P18","18","Terminal_Pin",151.760000,-83.915000,0.000000,top
"P19","19","Terminal_Pin",151.760000,-74.015000,0.000000,top
"P20","20","Terminal_Pin",151.760000,-61.985000,0.000000,top
"P21","21","Terminal_Pin",151.760000,-52.415000,0.000000,top
"P22","22","Terminal_Pin",151.760000,-42.945000,0.000000,top
"Q1","2SB596","TO-220-3_Vertical",88.730000,-47.135000,0.000000,top
"Q2","2SD880","TO-220-3_Vertical",125.140000,-47.135000,0.000000,top
"R1","47","R_Axial_DIN0207_L6.3mm_D2.5mm_P7.62mm_Horizontal",119.710000,-90.805000,90.000000,top
"R2","3.3","R_Axial_DIN0207_L6.3mm_D2.5mm_P10.16mm_Horizontal",88.240000,-76.755000,90.000000,top
"R3","15k","R_Axial_DIN0207_L6.3mm_D2.5mm_P10.16mm_Horizontal",88.950000,-63.145000,0.000000,top
"R4","15k","R_Axial_DIN0207_L6.3mm_D2.5mm_P10.16mm_Horizontal",101.420000,-63.145000,0.000000,top
"R5","3.3","R_Axial_DIN0207_L6.3mm_D2.5mm_P10.16mm_Horizontal",112.670000,-77.935000,90.000000,top
"R6","220","R_Axial_DIN0207_L6.3mm_D2.5mm_P7.62mm_Horizontal",114.230000,-57.365000,90.000000,top
"R7","47","R_Axial_DIN0207_L6.3mm_D2.5mm_P10.16mm_Horizontal",72.580000,-47.290000,0.000000,top
"X1","2P RM5","TerminalBlock_Phoenix_MKDS-1,5-2_1x02_P5.00mm_Horizontal",27.620000,-53.600000,90.000000,top
"X2","2P RM5","TerminalBlock_Phoenix_MKDS-1,5-2_1x02_P5.00mm_Horizontal",27.620000,-72.200000,90.000000,top
"X3","2P RM5","TerminalBlock_Phoenix_MKDS-1,5-2_1x02_P5.00mm_Horizontal",27.620000,-91.250000,90.000000,top
"X4","3P RM5","TerminalBlock_Phoenix_MKDS-1,5-3_1x03_P5.00mm_Horizontal",27.620000,-114.790000,90.000000,top
